class,channel,mean,std,min,max,median,p1,p99,count_eq_0,count_eq_255,n_pixels_used
Health,R,111.29695129394531,66.51374053955078,0,255,105.0,0.0,255.0,892,829,40960
Health,G,120.6227798461914,64.24044799804688,0,255,120.0,0.0,255.0,882,829,40960
Health,B,116.53337097167969,66.23513793945312,0,255,113.0,0.0,255.0,907,828,40960
Other,R,116.192626953125,69.07597351074219,0,255,116.0,0.0,255.0,920,824,40960
Other,G,116.4981918334961,66.37600708007812,0,255,118.0,0.0,255.0,897,826,40960
Other,B,110.3869400024414,65.26016998291016,0,255,108.0,0.0,255.0,920,827,40960
Rust,R,106.9951171875,61.9704704284668,0,255,101.0,0.0,255.0,889,834,40960
Rust,G,121.28071594238281,62.01327133178711,0,255,122.0,0.0,255.0,903,825,40960
Rust,B,116.45942687988281,63.03532791137695,0,255,115.0,0.0,255.0,868,832,40960
